Index,X,Y,UC_1_UC_1,UC_1_UC_2,UC_1_UC_3,UC_1_UC_4,UC_2_UC_1,UC_2_UC_2,UC_2_UC_3,UC_2_UC_4,UC_3_UC_1,UC_3_UC_2,UC_3_UC_3,UC_3_UC_4,UC_4_UC_1,UC_4_UC_2,UC_4_UC_3,UC_4_UC_4
1,1,1,NaN + NaN*im,NaN + NaN*im,NaN + NaN*im,NaN + NaN*im,NaN + NaN*im,NaN + NaN*im,NaN + NaN*im,NaN + NaN*im,NaN + NaN*im,NaN + NaN*im,NaN + NaN*im,NaN + NaN*im,NaN + NaN*im,NaN + NaN*im,NaN + NaN*im,NaN + NaN*im
2,1,2,NaN + NaN*im,NaN + NaN*im,NaN + NaN*im,NaN + NaN*im,NaN + NaN*im,NaN + NaN*im,NaN + NaN*im,NaN + NaN*im,NaN + NaN*im,NaN + NaN*im,NaN + NaN*im,NaN + NaN*im,NaN + NaN*im,NaN + NaN*im,NaN + NaN*im,NaN + NaN*im
3,1,3,NaN + NaN*im,NaN + NaN*im,NaN + NaN*im,NaN + NaN*im,NaN + NaN*im,NaN + NaN*im,NaN + NaN*im,NaN + NaN*im,NaN + NaN*im,NaN + NaN*im,NaN + NaN*im,NaN + NaN*im,NaN + NaN*im,NaN + NaN*im,NaN + NaN*im,NaN + NaN*im
4,2,1,NaN + NaN*im,NaN + NaN*im,NaN + NaN*im,NaN + NaN*im,NaN + NaN*im,NaN + NaN*im,NaN + NaN*im,NaN + NaN*im,NaN + NaN*im,NaN + NaN*im,NaN + NaN*im,NaN + NaN*im,NaN + NaN*im,NaN + NaN*im,NaN + NaN*im,NaN + NaN*im
5,2,2,NaN + NaN*im,NaN + NaN*im,NaN + NaN*im,NaN + NaN*im,NaN + NaN*im,NaN + NaN*im,NaN + NaN*im,NaN + NaN*im,NaN + NaN*im,NaN + NaN*im,NaN + NaN*im,NaN + NaN*im,NaN + NaN*im,NaN + NaN*im,NaN + NaN*im,NaN + NaN*im
6,2,3,NaN + NaN*im,NaN + NaN*im,NaN + NaN*im,NaN + NaN*im,NaN + NaN*im,NaN + NaN*im,NaN + NaN*im,NaN + NaN*im,NaN + NaN*im,NaN + NaN*im,NaN + NaN*im,NaN + NaN*im,NaN + NaN*im,NaN + NaN*im,NaN + NaN*im,NaN + NaN*im
7,3,1,NaN + NaN*im,NaN + NaN*im,NaN + NaN*im,NaN + NaN*im,NaN + NaN*im,NaN + NaN*im,NaN + NaN*im,NaN + NaN*im,NaN + NaN*im,NaN + NaN*im,NaN + NaN*im,NaN + NaN*im,NaN + NaN*im,NaN + NaN*im,NaN + NaN*im,NaN + NaN*im
8,3,2,NaN + NaN*im,NaN + NaN*im,NaN + NaN*im,NaN + NaN*im,NaN + NaN*im,NaN + NaN*im,NaN + NaN*im,NaN + NaN*im,NaN + NaN*im,NaN + NaN*im,NaN + NaN*im,NaN + NaN*im,NaN + NaN*im,NaN + NaN*im,NaN + NaN*im,NaN + NaN*im
9,3,3,NaN + NaN*im,NaN + NaN*im,NaN + NaN*im,NaN + NaN*im,NaN + NaN*im,NaN + NaN*im,NaN + NaN*im,NaN + NaN*im,NaN + NaN*im,NaN + NaN*im,NaN + NaN*im,NaN + NaN*im,NaN + NaN*im,NaN + NaN*im,NaN + NaN*im,NaN + NaN*im
